{"amount":1601.83,"event_type":"purchase","id":2,"timestamp":1497353582000,"anomaly":true,"TooShort":false,"mean":29.1033333333,"sd":21.4615568453,"threshhold":93.4880038691,"T":3.0,"D":3.0,"flagged":true,"ispurchase":true,"netp_length":3}